<?xml version="1.0" encoding="UTF-8"?>
<project-private xmlns="http://www.netbeans.org/ns/project-private/1">
    <editor-bookmarks xmlns="http://www.netbeans.org/ns/editor-bookmarks/2" lastBookmarkId="0"/>
    <open-files xmlns="http://www.netbeans.org/ns/projectui-open-files/2">
        <group>
            <file>file:/home/jmonteiro/Downloads/Mascotas%20de%20lujo/src/Visual/Logar.java</file>
            <file>file:/home/jmonteiro/Downloads/Mascotas%20de%20lujo/src/Controle/Conexao.java</file>
            <file>file:/home/jmonteiro/Downloads/Mascotas%20de%20lujo/src/Visual/Inicial.java</file>
            <file>file:/home/jmonteiro/Downloads/Mascotas%20de%20lujo/src/mascotas/de/lujo/MascotasDeLujo.java</file>
        </group>
    </open-files>
</project-private>
