<?xml version="1.0" encoding="UTF-8"?>
<project-private xmlns="http://www.netbeans.org/ns/project-private/1">
    <editor-bookmarks xmlns="http://www.netbeans.org/ns/editor-bookmarks/2" lastBookmarkId="0"/>
    <open-files xmlns="http://www.netbeans.org/ns/projectui-open-files/2">
        <group>
            <file>file:/home/aluno/Documentos/telas%20prontas/Mascotas%20de%20lujo/src/Visual/CadastrarCompras.java</file>
            <file>file:/home/aluno/Documentos/telas%20prontas/Mascotas%20de%20lujo/src/Visual/cliente/CadastroCliente.java</file>
            <file>file:/home/aluno/Documentos/telas%20prontas/Mascotas%20de%20lujo/src/Visual/Servico/ExcluirServico.java</file>
            <file>file:/home/aluno/Documentos/telas%20prontas/Mascotas%20de%20lujo/src/Visual/Relatorios2.java</file>
            <file>file:/home/aluno/Documentos/telas%20prontas/Mascotas%20de%20lujo/src/Visual/ConsulPromocoes.java</file>
            <file>file:/home/aluno/Documentos/telas%20prontas/Mascotas%20de%20lujo/src/Visual/Animal/VisualizarAnimais.java</file>
            <file>file:/home/aluno/Documentos/telas%20prontas/Mascotas%20de%20lujo/src/Visual/cliente/ExcluirCliente.java</file>
            <file>file:/home/aluno/Documentos/telas%20prontas/Mascotas%20de%20lujo/src/Visual/Compras.java</file>
            <file>file:/home/aluno/Documentos/telas%20prontas/Mascotas%20de%20lujo/src/Visual/Relatorios.java</file>
            <file>file:/home/aluno/Documentos/telas%20prontas/Mascotas%20de%20lujo/src/Visual/PrincipalSecretaria.java</file>
            <file>file:/home/aluno/Documentos/telas%20prontas/Mascotas%20de%20lujo/src/Visual/Animal/AtualizarAnimal.java</file>
            <file>file:/home/aluno/Documentos/telas%20prontas/Mascotas%20de%20lujo/src/Visual/PrincipalCliente.java</file>
            <file>file:/home/aluno/Documentos/telas%20prontas/Mascotas%20de%20lujo/src/Visual/Servico/PromoServico.java</file>
            <file>file:/home/aluno/Documentos/telas%20prontas/Mascotas%20de%20lujo/src/Visual/ConfirmarAdm.java</file>
            <file>file:/home/aluno/Documentos/telas%20prontas/Mascotas%20de%20lujo/src/Visual/cliente/AtualizarCliente.java</file>
            <file>file:/home/aluno/Documentos/telas%20prontas/Mascotas%20de%20lujo/src/Visual/Servico/AlterServico.java</file>
            <file>file:/home/aluno/Documentos/telas%20prontas/Mascotas%20de%20lujo/src/Visual/PrincipalAdm.java</file>
            <file>file:/home/aluno/Documentos/telas%20prontas/Mascotas%20de%20lujo/src/Visual/Servico/CadastrarServicos.java</file>
            <file>file:/home/aluno/Documentos/telas%20prontas/Mascotas%20de%20lujo/src/Visual/cliente/VisualizarClientes.java</file>
            <file>file:/home/aluno/Documentos/telas%20prontas/Mascotas%20de%20lujo/src/Visual/Animal/CadastroAnimal.java</file>
            <file>file:/home/aluno/Documentos/telas%20prontas/Mascotas%20de%20lujo/src/Visual/Servico/ConsulServico.java</file>
            <file>file:/home/aluno/Documentos/telas%20prontas/Mascotas%20de%20lujo/src/Visual/Animal/ExcluirAnimal.java</file>
        </group>
    </open-files>
</project-private>
